id,日本語名,系譜,段,性別,体格,向き,カメラ,象徴形,服の傷み,内側の密度,姿,個別の注意,現状,所見
knight,騎士,knight,1,男,小,斜め35,正面,長い槍を斜めに構える,使い込まれている,ふつう,磨いた鋼の全身板金鎧。目元が見える面頬つきの兜。片足を前に踏み出し、右手で長い槍の柄を握って斜めに構える。腰までの短い青い外套。,外套は麻。裾は裂かない、風にわずかに揺れる程度／金も宝石も使わない（一の段）／槍の穂先を体の輪郭の外へ,合格（v2）,第01便v1を採用（v3より顔が精悍）。外套の裾の裂けは許容
paladin,聖騎士,knight,2,男,小,斜め35,正面,膝まで届き風に流れる白いサーコートと、胸の金の紋章ひとつ,整っている,簡素,壮年の男。短い髭、頬に古傷、硬く静かな表情。面頬（バイザー）を上げた鋼の兜をかぶり、顔ははっきり見える。鋼の全身板金鎧の上に、膝まで届く白いサーコートを着て、その裾が風に大きく流れる。胸に大きな金の紋章がひとつ。右手で長剣の柄を握り、切っ先を斜め前へ向けて静かに構える。左手は柄頭に添える。外套は着ない。,翼の肩当ては付けない／兜は面頬を上げた形。顔を隠さない（騎士＝面頬を下ろす、聖騎士王＝王冠の兜、と段で変える）／サーコートは骨白、胸の金の紋章ひとつ。縁取りは金ひとつまで／丈は膝まで。裾は裂かず、風に流す（床までは届かせない。床までは聖騎士王）／外套なし／金は紋章と剣の柄まで／後光なし／顔は騎士より年上。若者や町人に見せない。肩幅を広く、胸を厚く／頭を騎士と同じ大きさに。頭が小さいと格が軽く見える,合格（v2）,第01便v3で合格。面頬を上げた兜・膝丈サーコート・金の紋章
paladinking,聖騎士王,knight,3,男,小,浅い斜め20,見上げ,王冠と一体の兜,整っている,ふつう,壮年の男。短く整えた髭、威厳のある硬い顔。顔はカメラのほうへ向け、両目がはっきり見える（横顔にしない）。白銀の全身鎧。鋼の兜の上部が王冠の形になっている（兜と王冠が一体。王冠だけを頭に載せない）。両手で大剣の柄頭を重ねて握り、切っ先を地に突いて仁王立ち。床まで届く絹の長衣と、長い外套が風を受けて大きく舞う。,頭上の光の輪は描かない。光る要素なし／鎧は鋼ではなく白銀。縁取りは金。長衣と外套は絹／布は聖騎士より大きく舞わせ、床まで届かせる（聖騎士は膝丈。ここが段の差）／剣を地に突く姿はこの者だけ／頭を大きく。聖騎士（二の段）より若く見せない／脚を長くしない。胴と脚の比は騎士と同じ,合格（v2）,第02便v3で合格（v3を採用）。兜と王冠一体、髭、両目
warrior,戦士,warrior,1,男,小,斜め35,見下ろし,幅広の直剣を両手で下段に構える,使い込まれている,簡素,革と鋼の混じった簡素な鎧。兜はかぶらず、短く刈った髪と頬の古傷。肩に獣の毛皮を一枚。脚を大きく開いて腰を落とし、幅広の直剣を両手で握って斜め下に構える。歴戦だが、まだ人の目をしている。,腰を落とした低い構えで、がっしりした体。頭は大きめ／毛皮は逆立たせず一枚の面に。腰布は裂かない／留め具は3点まで／金も宝石も使わない,合格（v2）,第03便v1で合格。毛皮の外套・低い構え・幅広の剣
berserker,狂戦士,warrior,2,男,小,半身55,見上げ,片手斧を両手で握り、頭上に振りかぶる,ぼろぼろ,ふつう,革の胸当てを着け、腕と肩だけをさらす。血走った目、乱れた髪、体じゅうの古傷。片手斧（戦士の剣より小さい）を両手で握り、頭上に振りかぶって叫ぶ。横一列を薙ぎ払う直前。,斧は「片手斧」の大きさ。体より大きくしない（強く見えすぎるため）／上半身は革の胸当てで覆い、露出は腕と肩まで／31体で唯一の「ぼろぼろ」。細切れの布を舞わせてよい／熱い色（赤・血・肌色）／動いている・叫んでいる。制御を失った者,合格（v2）,第03便v1で合格。胸当て、斧を振りかぶり叫ぶ、赤いぼろ布
warfiend,戦鬼,warrior,3,男,小,半身55,見上げ,一対の角を飾った鋼の兜と、片手で下げた大剣,整っている,ふつう,人でありながら鬼に変わりつつある者。一対の角の意匠を持つ鋼の兜を深くかぶり、目元は兜の影に沈んで、赤く熱した両目だけが光る。角は兜の飾りであり、頭から生えてはいない。兜の下から口元と顎が見え、皮膚は鉄のような灰色。鎧の隙間と皮膚の亀裂から、半透明の灰色の煙が太い帯になって立ちのぼり、上へ行くほど薄れて消える。煙の向こう側の背景が透けて見える。戦士の剣より一回り大きい大剣を、右手一本で無造作に下げ、切っ先を地に向ける。左手は開いたまま。静止し、無表情。,光るのは兜の影の中の両目だけ。煙は光らせない（量は多くてよい）／煙は「半透明の灰色のもや」。輪郭をぼかし、縁は薄く溶かす。毛・炎・触手のように渦巻く房や、はっきりした縁を持つ塊にしない／煙の色は無彩色の灰。紫・赤紫を混ぜない／冷たい色（鉄灰）。赤は目と亀裂だけ／布は整っている。ぼろぼろにしない／振りかぶらない。狂戦士と姿勢を変える。止まっている・無表情。制御しきった者／大剣は戦士の剣より大きく、片手で持てる余裕を見せる／角は兜の左右に1本ずつ、合計2本だけ。ほかの棘や突起を兜に付けない／外套の縁は裂かない。まっすぐな縁／頭を大きく、肩を広く。脚を長くしない,合格（v2）,第02便v3で合格。角2本の兜、赤い目、半透明の灰の煙、片手の大剣
spearman,槍兵,spearman,-,男,小,半身55,正面,斜め上へ突き上げる長い槍と、鼻当てのついた円錐の兜,使い込まれている,簡素,歴戦の歩兵。三十代、精悍な顔、頬骨の高い硬い表情。鼻当て（ネイザル）のついた鋼の円錐兜をかぶり、両目と口元が見える。全身に鎖帷子を着込み、その上に深緑の短い陣羽織（袖なし、腰まで）。外套もマントも毛皮もなし。両脚を大きく開いて踏ん張り、体より長い槍を両手で強く握って、斜め上へ突き上げる。穂先は枠の右上へ向かい、槍の柄は左下へ伸びる。騎兵や竜の喉を狙う構え。,剣を持たせない／外套・マント・毛皮を一切着けない（戦士・騎士と見分けるため）／鎧は鎖帷子＋陣羽織。板金の胸当てや大きな肩当ては付けない／槍は騎士の槍より長い。穂先も柄の端も、枠の内側に収める（画面の外に出さない）／農夫や町人に見せない。兵士の硬さ、傷、精悍さ／布は擦れているが破れていない。裾を裂かない,合格（v2）,第04便v3で合格。鎖帷子・鼻当て兜・深緑の陣羽織・槍を突き上げる
shieldguard,護衛兵,shieldguard,1,男,小,浅い斜め20,見上げ,面積の大きな大盾,整っている,簡素,分厚い全身鎧。首が埋まるほど肩が大きい。顔は角ばった大兜にほぼ隠れ、細い覗き穴の奥だけが光る。両脚を踏ん張り、体の前に大盾を地面へ突き立てる。マントは着けない。,マントなし,合格（v2）,第04便v1を採用（剣の構え）。v3（緑盾・大兜）は控え
archer,弓兵,archer,1,男,小,真横85,正面,独特な反りの長弓,使い込まれている,簡素,軽装。深く被ったフードの下から鋭い片目が覗き、口元は布で覆う。体を真横に向け、両脚を大きく開いて腰を落とし、身長ほどもある大きな反り弓を引き絞る。両腕と弓が左右いっぱいに開き、弓の弧は体の輪郭の外へ大きく出る。矢は水平。外套は風を受けて後ろへ広がる。背に矢筒。外套は粗い麻。,弓は大きく。上下の端が頭より上、腰より下まで届く／弓の弧を体の輪郭の外へ／弓の弧の内側に来る体と外套を、弓より暗く落とす／脚を閉じて棒立ちにしない。低く踏ん張った構え／外套の裾は裂かない（使い込まれ止まり）／金も宝石も使わない,合格（v2）,第05便v2で合格。低い構え・大きな反り弓・外套が広がる
rogue,盗賊,rogue,1,男,小,半身55,見下ろし,片手でフードを深く押さえ、もう片手に小さな短剣を控えめに持つ,使い込まれている,ふつう,灰茶の粗い外套とフード。片手でフードの縁をつかんで深く引き下げ、顔を隠す。もう一方の手は体の脇で、小さな短剣を一本、目立たないように握る。身を縮め、こそこそと物陰へ向かう者。,外套は黒ではなく灰茶（旅人に紛れる色）。黒は上の段に譲る／短剣は小さく一本だけ。二本持たせない／フードを押さえる腕が、頭の高さに上がっていること（この者だけの形）／外套は一枚の布。細切れに裂かない／短剣の刃は外套より明るく、刃先を体の輪郭の外へ出す。刃に細い明るい線を通す／短剣を握る手は腰より前に出し、外套の暗い布の手前に置く,合格（v2）,第05便v2で合格。フードを押さえ、明るい短剣を前に
assassin,暗殺者,rogue,2,女,小,半身55,見下ろし,低く構えた両手の、刃がのこぎり状の長い短剣二本と、横に流れる結んだ黒髪,整っている,簡素,三十代の女。フードはかぶらず、黒髪を高く一本に結び、その髪が動きで横へ大きく流れる。写実寄りの硬い顔。白い麻の胴衣（襟高、袖長、縁に淡い刺繍）に革の帯とベルト、腰に深紅の帯を結んで垂らす。黒い布のズボン、革の長靴。外套なし。俯瞰で、低くかがんで片足を浮かせた動きのある構え。両手に前腕ほどの長さの短剣を一本ずつ持ち、刃の片側がのこぎり状。,フードをかぶらない。頭は結んだ髪の形／色は白の胴衣に深紅の帯。金は使わない／短剣は二本、のこぎり刃。刃だけをはっきり明るく／露出しない／ヒールを履かせない／外套・マントなし,合格（v2）,第06便v4で合格（ユーザーがGPTに衣装替えを依頼した白い胴衣版を採用）。1体だけ1085×1447で受領
shadowblade,闇の刃,rogue,3,男,小,半身55,正面,背後に浮かぶ影の刃3本と、手に持つ短剣一本,すり切れている,簡素,添付の見本「闇の刃」の姿・姿勢・体の向きをそのまま使う。体は半身で右を向き、顔も同じ向きで、奥の目は半分隠れる。深いフードと口元を覆う布、革の軽装。右手に短剣を一本、腰の高さで握り、刃先を斜め前下へ向ける。左腕は体の脇。両足を軽く開いて立ち尽くす。裾のすり切れた黒い外套が、体の左後方へ流れる。背後に、影でできた刃が三本、黒い煙をまとって浮かんでいる。,見本の姿・姿勢・体の向き・装備を変えない。変えるのは背景（マゼンタ）、縁の光なし、地面なし、頭身と、次の2点だけ／目を赤く光らせ、フードの中の顔の下半分を影に沈める（光る要素はこの目だけ）／影の刃は光らせず、輪郭に細い銀の線だけ。刃をまとう黒い煙は半透明の灰〜黒（紫を混ぜない）／影の刃3本は背後に浮かぶ。衣に生やさない／禁止：手裏剣、面,合格（v2）,第06便v3で合格。旧絵と同じ半身の姿勢、赤い目、浮かぶ影の刃3本
mage,魔法使い,mage,1,男,小,斜め35,正面,尖り帽子と、手のひらの小さな炎,使い込まれている,簡素,つばのある尖り帽子（先が少し折れている）。深い青の羊毛のローブ、無地、フードなし。顔ははっきり見える若い〜壮年の男。片足を一歩前に踏み出して歩みかけている。片手に木の杖（頭に光らない結晶がひとつ）を握り、もう片方の手のひらに、小さな炎がひとつ浮かぶ。,黒を使わない。闇の気配を出さない。盗賊に似せない／フードなし。顔を出す。目は光らない／杖は道具。結晶は光らせない／光る要素は手のひらの炎ひとつだけ。小さく／留め具は木か紐。金も宝石も使わない,合格（v2）,第07便v1で合格。尖り帽子・青いローブ・手のひらの小さな炎
archmage,大魔法使い,mage,2,男,小,浅い斜め20,見上げ,ローブの胸から裾へ走る大きな紋章と、光る杖,整っている,ふつう,老齢の男。白い髪と長い髭、深い皺。フードは下ろす。厚い織物のローブに金の縁取り。胸から裾にかけて、大きな紋章がひとつ織り込まれている。片手の杖は頭の結晶が光る。もう片方の手には、こぶし大の炎の球が浮かぶ。,浮遊する環は描かない（すべて外す）／紋章はひとつだけ、大きく。装飾はここに集中させる／光る要素は「杖の結晶」と「炎の球」の2つ。目は光らない／炎の球は魔法使いの手のひらの炎より明確に大きい／金の縁取りと紋章ひとつ（二の段）,合格（v2）,第07便v1で合格。老齢・大きな紋章・光る杖・炎の球。環なし
grandsage,大賢者,mage,3,男,小,浅い斜め20,正面,大きく舞う多色のローブと、体を球状に取り巻く光の文字,整っている,ふつう,長い髭と白髪の老人。深い皺、穏やかで静かな目。両足は地に着けて立つ。足元から吹き上がる強い風で、絹のローブと長い袖が上へ、外へ、大きく舞い広がる。裾だけでなく上半身でも、両袖と外套の肩の布が肩より高く舞い上がり、白髪と髭も上へ流れる。布は頭の高さまで届く。ローブは一色ではなく、大きな面ごとに色が違う：炎の朱、水の群青、風の翠、土の琥珀の四色が、裾と袖の面を分け合っている。金糸は縁取りに一本だけ。杖は握らず、本人の傍らに直立して浮いている。両手は開いたまま、静止。体を中心に、古い文字（術式）が無数に浮かび、球状に本人を取り巻いてゆっくり巡っている。球の直径は本人の身長ほど。文字は淡い金の光。,大魔法使い（青一色のローブ・立ち姿）と見分けるため、ローブは四色に分ける。虹のように細かく混ぜず、朱・群青・翠・琥珀の大きな面が四つ／色は共通指定の「乳白の膜」で淡く。派手な原色にしない／布は大きく舞わせる。裂かない（整っている）／光る要素は「文字の球」と「杖の結晶」の2つ。手に炎は出さない／杖を握らない。傍らに浮かせる／文字は淡く。顔と手より明るくしない／環（リング）は描かない。文字で作る／本人は動かない。動くのは布と文字だけ,合格（v2）,第08便v3で合格。四色のローブが頭の高さまで舞う、文字の球、浮く杖。1体1085×1447で受領
priest,僧侶,priest,1,女,小,斜め35,正面,斜めに持った素朴な木の杖,整っている,簡素,若い女性。生成りの簡素な法衣。フードなし、髪は結ぶ。素朴な木の杖を片手で斜めに持ち、まっすぐ前を向いて立つ。祈っていない。空いた手のひらに、ごく小さな光がひとつ。,祈りの姿にしない。前を向く／金も宝石も装飾もなし。布は生成りの無地／後光なし／光る要素は手のひらの小さな光ひとつだけ／杖は木。飾りのない実用品／献身の顔。村の診療所にいる人,合格（v2）,第09便v1で合格。生成りの法衣・木の杖・手のひらの小さな光。前を向く
highpriest,高僧,priest,2,女,小,斜め35,正面,司教冠と、高く掲げた錫杖,整っている,ふつう,壮年の女性。細身でよい。白の祭服に司教冠。錫杖を高く掲げ、その先から光が、体の右側の空間へだけ、シャワーのように斜めに降り注ぐ。光の筋は本人の体・顔・衣に一切かからず、体の右側の空いた場所に落ちる。目は開き、前を向く。,金襴はやめる。金は「帯ひとつ」と「錫杖」まで（二の段：金の縁取りと紋章ひとつ）／恰幅よくしなくてよい。細身で／後光なし。光は錫杖の先から降りるものだけ／光る要素は錫杖ひとつ／光の筋は体に重ねない。顔や体の後ろに散らさない。錫杖の先から、体の右側の空間に向けて斜め下へ降る。光と体のあいだに隙間を空ける,合格（v2）,第09便v2で合格。光は錫杖の先から体の右側の空間へ降る。1体1085×1447で受領
saint,聖者,priest,3,女,小,斜め35,見上げ,体の周囲を斜めに巡る、切れ間の入った光の環（複数）,整っている,ふつう,年齢不詳の女性。白い絹の衣に、金の紋様が織り込まれ、その紋様だけが淡く光っている。両手を胸の前で軽く開く。体の周囲を、切れ間の入った細い光の環が2〜3本、それぞれ違う角度で斜めに巡っている。加護の力に護られている姿。翼はない。,翼は描かない（翼は神獣系の印）／頭上の輪（後光）は描かない。環は体の周囲を斜めに巡るもので、頭の上に水平に置かない／環は2〜3本、細く、切れ間がある。白い光。大賢者の「金の文字の球」と違う形にする／光る要素は「環」と「衣の金の紋様」の2つ。顔と手は光らせない／金の紋様はここに集中させる。三の段の格,合格（v2）,第08便v1で合格。斜めに巡る切れ間の環・金の紋様・翼なし・後光なし（靴に低い踵あり、許容）
bard,吟遊詩人,bard,1,男,小,真横85,正面,抱えた竪琴と羽根帽子,使い込まれている,簡素,旅装の外套。真横を向いて立ち、竪琴を胸に抱え、指を弦に置いている。竪琴の弧は体の輪郭より前へ出る。口元にわずかな笑み。,刃物なし。竪琴の弧を体の外へ,合格（v2）,第10便A案で合格。真横・竪琴・羽根帽子（B案はリュートで不採用）
ogre,オーク,ogre,-,男,中,斜め35,正面,下顎の牙と、斜め前に構えた湾曲した片刃剣,使い込まれている,簡素,濃い緑の厚い皮膚。下顎から2本の牙が突き出る。直立し、肩幅が広く、兵士の姿勢。粗い鉄の胸当て・肩当て・兜で装備を鉄一色に揃える。右手で肉厚の湾曲した片刃剣を握り、斜め前へ構える。,トロールと区別するため：直立・正面・鉄の装備。這わない／胸当ては一枚板。骸骨や飾りは付けない。革帯は1本。留め具は3点まで／皮膚は緑。毛は生えない／牙が輪郭の外に出ていること（獣系の印）／金も宝石も使わない,合格（v2）,第11便v1で合格。緑の肌・鉄一色の装備・湾曲刀・直立
troll,トロール,troll,-,男,大,浅い斜め20,見上げ,地面に届く長い腕と、引きずる丸太の大槌,使い込まれている,簡素,青みがかった灰青の厚い皮膚に、苔が斑に生えている。頭は小さく、肩と胸が異様に大きい。前かがみで、片方の拳を地面についている。腕は地面に届くほど長い。もう片方の手で丸太の大槌の柄を握り、槌の頭を地面に引きずる。口から折れた牙が一本突き出る。腰に獣の皮を一枚。,オークと区別するため：這う骨格・青灰の肌・装備なし。直立しない／肌は灰色にしない（ゴーレムとかぶる）。青みのある灰青。苔は斑に、地の色が読める程度／装備は腰の毛皮一枚と大槌だけ。鎧なし／折れた牙が輪郭の外に出ていること（獣系の印）／大槌は削っただけの丸太に石を結わえたもの,合格（v2）,第11便v1で合格。灰青の肌に苔・這う骨格・丸太の大槌
werewolf,人狼,werewolf,-,－,小,半身55,見下ろし,長く伸びた鉤爪,すり切れている,簡素,人と狼のあいだの姿。前かがみで、四つ足になりかけた低い構え。全身を短い灰黒の毛が覆う。長い口吻、立った耳、黄色い眼。両手の指から、掌の倍ほどの長さの鉤爪が伸びる。破れた布と革帯を身につける。,刃物を一切持たない。爪が武器／鉤爪が輪郭の外に出ていること（獣系の印）／毛皮は逆立たせず、大きな面としてなめらかに／破れた布と革帯を身につける,合格（v2）,第12便v1で合格。低い構え・長い鉤爪・破れた布と革帯
harpy,ハーピー,harpy,-,女,中,半身55,見上げ,大きく開いた一対の翼,使い込まれている,簡素,上半身は人、両腕がそのまま大きな翼になっている。脚は猛禽の脚で、太い鉤爪を持つ。翼を左右に大きく開き、いままさに飛び立つところ。翼の先端は枠の縁の少し内側で止まり、翼の全体が枠に収まる（先端も上端も切れない）。胴と腰は厚い獣の皮と密生した羽根で完全に覆う。,翼は羽根を一枚ずつ描き込まず、3〜4枚の大きな面で描く。羽根の輪郭は翼の縁だけ／脚の鉤爪が輪郭の外に出ていること（獣系の印）／胴と腰は厚い獣の皮と密生した羽根で完全に覆う。裸体にしない／武器も鎧も持たない／翼の先端・上端を枠の外に出さない。全身と翼のすべてが枠の内側に収まる大きさで描く。翼が大きすぎて切れるくらいなら翼を小さく,合格（v2）,第12便v2で合格。翼が枠内に収まる。1体1085×1447で受領
valkyrie,ヴァルキリー,valkyrie,1,女,小,半身55,見上げ,背に開いた一対の白い翼,整っている,ふつう,女性の戦士。磨かれた軽鎧。背に一対の白い翼を開く。右手で槍の柄をしっかり握り、穂先を斜め上に向ける。兜はかぶらず、結った髪が見える。,女性の戦士。顔は凛として硬い。少女にしない／軽鎧が胴と腰を完全に覆う。腹や胸を露出させない／一の段。後光なし、浮遊する物なし。金は一箇所、宝石なし。翼は白い羽根そのもので光らせない／翼は神獣系の印。人系は翼を持たない,合格（v2）,第15便v1で合格。女性・白い翼・槍を握る・軽鎧で覆う（低い踵あり、許容）
whelp,幼竜,whelp,1,－,中,斜め35,見下ろし,体に不釣り合いなほど大きい頭と後ろ足,－,簡素,添付の見本「幼竜」の姿・姿勢・体の向き・カメラをそのまま使う。まだ空を飛べない幼い竜。前脚を踏み出して低く身構え、頭をこちらへ向け、翼を半分開く。全身を硬い鱗が覆い、口の端から小さく火の粉がこぼれる。目つきは鋭く、爪と牙は鋭利。,見本の姿勢・向き・構図を変えない。変えるのは色・背景（マゼンタ）・縁の光なし・地面なし／【色】朱赤。燃え立つ薪の色。鱗はまだ薄く艶がなく、光を反射しない。鱗の隙間から熾火のような赤がにじみ、自分から赤く発光しているように見える／吐く炎は不完全燃焼で、煤を含んでオレンジに濁る。轟音を立てる炎／光る要素は「鱗の隙間の赤」と「口の炎」の2つ。体のまわりは光らせない／比率を数字で守る：頭の長さは胴の長さと同じ／後ろ足は前足の1.5倍の太さ／翼は畳んだとき胴の中に収まる／首は頭の長さより短く、尾は胴の長さまで／翼を畳んで四つ足で立つ（横に広い）／角は短く、鱗は均一／幼いが、かわいくしすぎない,合格（v2）,第13便v2で合格。旧絵の姿勢、朱赤、鱗の隙間の赤、煤けた炎
dragon,竜,whelp,2,－,大,浅い斜め20,見上げ,大きく広げた一対の翼と、もたげた長い首,－,ふつう,添付の見本「竜」の姿・姿勢・体の向き・カメラをそのまま使う。四つ足の成竜。胸を張って首を高くもたげ、翼を頭より高く大きく広げ、口を開いて咆哮する。太い尾が後ろへ伸びる。硬く厚い鱗の板が全身を覆い、頭に一対の長い角。口の奥に火が見える。,見本の姿勢・向き・構図を変えない。変えるのは色・翼の膜（破れなし）・背景（マゼンタ）・縁の光なし・地面なし／【色】白金。炎が完全燃焼に達した段階。鱗は白熱した金属の色で、輪郭が眩しいほど明るい。ただし鱗そのものは光源にせず、白金の金属の反射として描く／光る要素は「口の奥の白い炎」と「鱗の隙間から漏れる白い光」の2つ。体の外へは広げない／吐く炎は白く、視界を焼く／翼の膜は裂けも穴も破れもない、張りのある一枚の膜。縁は滑らか（傷んだ翼は古代竜のもの）／幼竜との差：角が長い・翼が体を持ち上げる大きさ・首と尾が長い・鱗が厚い板／翼の先端・首の先・尾の先を枠の外に出さない。全身が枠の内側に収まる大きさで描く,合格（v2）,第13便v2で合格。旧絵の姿勢、白金、白い炎、破れのない翼。右翼の先が枠の右端で少し切れる（許容）
salamander,サラマンダー,salamander,1,無（人型ではない）,小,斜め35,正面,炎でできた長い蛇の胴と、喉の霊核,－,簡素,炎そのものが蛇の形をとった存在。長い胴が炎でできていて、手足はない。とぐろを一巻きして頭をもたげる。頭は蛇で、目と口だけ。喉のあたりに、こぶし大の結晶（霊核）がひとつ埋まって光る。胴の縁は炎に溶けるが、蛇の輪郭ははっきり読める。,人型にしない。顔・胸・腰など人の体の特徴を一切描かない（性別も裸体も問題にならない形）／武器・防具・服・装身具は一切なし。身につけるのは霊核ひとつだけ／31体で唯一「横に長い」形。胴の長さを見せる／炎の帯・リボンで飾らない。胴そのものが炎／光る要素は「霊核」と「胴の炎」の2つ。周囲に火の粉を散らさない／幼竜（四つ足・翼）と混ざらないよう、脚も翼も描かない,合格（v2）,第14便v1で合格。炎の蛇・喉の霊核・手足なし
frost,フリム,frost,1,無（人型だが人の特徴なし）,小,斜め35,正面,霧氷の結晶が寄り集まった、角ばった小さな人型,－,簡素,霧氷（樹氷）の結晶が寄り集まって、小さな人の輪郭をなしたもの。全身が面の折れた半透明の結晶で、丸みがなく角ばっている。顔はない（目も口も鼻もない）。胸の中心に、こぶし大の大きな結晶（霊核）が芯としてあり、そこから冷気が広がる。足は地についていない。,人型だが人ではない。顔・髪・胸・腰などの人の特徴を一切描かない。美女にしない／全身を靄にしない。結晶の面と稜線で輪郭を作り、背景から形が読めるように／武器・防具・服・装身具は一切なし／光る要素は胸の霊核ひとつ／上の段のヨトゥン（霜の巨人）と同じ「人型」の骨格を保つ（段ばしごをつなぐため）。サラマンダー（横に長い蛇）と対になる「縦に立つ角ばった形」,合格（v2）,第14便v1で合格。霧氷の結晶の人型・顔なし・胸の霊核・浮いている
golem,ゴーレム,golem,1,－,中,浅い斜め20,見上げ,胸の古い印,－,簡素,人の形をした岩と土の巨体。太い脚で踏みしめる。右手で大槌の柄の中ほどをはっきり握り、槌の頭を体の輪郭の外、地面の近くに置く。顔に相当する場所には目も口もなく、胸に刻まれた古い印だけが鈍く光る。,右手で柄の中ほどを握り、槌の頭を地面の近くに置く。柄を体の後ろに通さない／大槌ひとつだけ。鎧も装身具も布も一切なし／光るのは胸の印ひとつだけ／大きな岩の面を数枚で構成。小石や瓦礫で埋めない／トロール（青灰の皮膚）と混ざらないよう、こちらは茶灰の岩。角ばった面,合格（v2）,第15便v1で合格。茶灰の岩・胸の印・右手で大槌を握り頭を地面近くに
shaman,呪術師,shaman,1,男,小,半身55,見下ろし,手に握った小さな呪いの人形（藁を束ねて骨を刺したもの）,すり切れている,簡素,痩せた男。顔は見える。目の周りに呪いの墨の線が引かれ、口元がわずかに笑っている。無地の粗い布の衣、裾はほつれる。木の杖には小さな骨の護符がひとつ吊るされているだけ。もう片方の手に、藁を束ねて骨を刺した小さな呪いの人形を握り、覗き込むように低く構える。猫背。,一の段。面・羽根の頭飾り・頭蓋骨の杖・衣の骨飾りは付けない（それは上の段のもの）／骨は「杖の小さな護符ひとつ」だけ。骨の量が段の印（一＝骨ひとつ、二＝頭蓋骨、三＝自分が骨）／杖は木。光らない／光る要素なし／衣は無地。羽根や骨をぶら下げない／色は淀んだ緑紫。黒一色にしない／「怖い格好」ではなく「怖いことをしている」姿,合格（v2）,第10便A案で合格。呪いの人形・骨の護符ひとつ・淀んだ緑紫。布は指定より裂けているが許容
ancientdragon,古代竜,whelp,3,－,大,浅い斜め20,見上げ,光を吸い込む蒼黒の鱗と、使い込まれた翼,－,ふつう,（未作成）永い時を生きた竜。鱗は深海のような藍黒で、光を反射せず吸い込む。翼の膜は使い込まれ、縁が欠け、穴が開いている。,【色】蒼黒。温度が白金をさらに超え、青を通り越して「見えなくなった」色。黒は闇の属性ではなく熱の極致／鱗の隙間から、かすかに青い光が漏れる（夜に見ると分かる）。光る要素はこれひとつ／吐く炎は見えない。口を開けても何も出ていないように描く／翼は傷んでいてよい（この段だけ）／近づく者は熱ではなく寒さを感じる／翼の先端・首の先・尾の先を枠の外に出さない。全身が枠の内側に収まる大きさで描く,未作成,三の段。炎温ロジックの終点。竜（白金）の逆転として置く
